filename,object_location,image_small,image_thumb
01Aland.jpg,/objects/01Aland.jpg,/objects/small/01aland_sm.jpg,/objects/thumbs/01aland_th.jpg
01Bathlet.jpg,/objects/01Bathlet.jpg,/objects/small/01bathlet_sm.jpg,/objects/thumbs/01bathlet_th.jpg
01Bland.jpg,/objects/01Bland.jpg,/objects/small/01bland_sm.jpg,/objects/thumbs/01bland_th.jpg
01Cland.jpg,/objects/01Cland.jpg,/objects/small/01cland_sm.jpg,/objects/thumbs/01cland_th.jpg
01Dland.jpg,/objects/01Dland.jpg,/objects/small/01dland_sm.jpg,/objects/thumbs/01dland_th.jpg
01Eland.jpg,/objects/01Eland.jpg,/objects/small/01eland_sm.jpg,/objects/thumbs/01eland_th.jpg
01Fland.jpg,/objects/01Fland.jpg,/objects/small/01fland_sm.jpg,/objects/thumbs/01fland_th.jpg
01athlet.jpg,/objects/01athlet.jpg,/objects/small/01athlet_sm.jpg,/objects/thumbs/01athlet_th.jpg
01casc.jpg,/objects/01casc.jpg,/objects/small/01casc_sm.jpg,/objects/thumbs/01casc_th.jpg
01ccp.jpg,/objects/01ccp.jpg,/objects/small/01ccp_sm.jpg,/objects/thumbs/01ccp_th.jpg
01land.pdf,/objects/01land.pdf,/objects/small/01land_sm.jpg,/objects/thumbs/01land_th.jpg
01lead.jpg,/objects/01lead.jpg,/objects/small/01lead_sm.jpg,/objects/thumbs/01lead_th.jpg
01research.jpg,/objects/01research.jpg,/objects/small/01research_sm.jpg,/objects/thumbs/01research_th.jpg
01stor.jpg,/objects/01stor.jpg,/objects/small/01stor_sm.jpg,/objects/thumbs/01stor_th.jpg
02acpro.pdf,/objects/02acpro.pdf,/objects/small/02acpro_sm.jpg,/objects/thumbs/02acpro_th.jpg
02acpro1.jpg,/objects/02acpro1.jpg,/objects/small/02acpro1_sm.jpg,/objects/thumbs/02acpro1_th.jpg
02acpro2.jpg,/objects/02acpro2.jpg,/objects/small/02acpro2_sm.jpg,/objects/thumbs/02acpro2_th.jpg
02acpro3.jpg,/objects/02acpro3.jpg,/objects/small/02acpro3_sm.jpg,/objects/thumbs/02acpro3_th.jpg
02acpro4.jpg,/objects/02acpro4.jpg,/objects/small/02acpro4_sm.jpg,/objects/thumbs/02acpro4_th.jpg
02acpro5.jpg,/objects/02acpro5.jpg,/objects/small/02acpro5_sm.jpg,/objects/thumbs/02acpro5_th.jpg
02athlet.jpg,/objects/02athlet.jpg,/objects/small/02athlet_sm.jpg,/objects/thumbs/02athlet_th.jpg
02casc.jpg,/objects/02casc.jpg,/objects/small/02casc_sm.jpg,/objects/thumbs/02casc_th.jpg
02ccp.jpg,/objects/02ccp.jpg,/objects/small/02ccp_sm.jpg,/objects/thumbs/02ccp_th.jpg
02land.jpg,/objects/02land.jpg,/objects/small/02land_sm.jpg,/objects/thumbs/02land_th.jpg
02lead.jpg,/objects/02lead.jpg,/objects/small/02lead_sm.jpg,/objects/thumbs/02lead_th.jpg
02research.jpg,/objects/02research.jpg,/objects/small/02research_sm.jpg,/objects/thumbs/02research_th.jpg
02stor.jpg,/objects/02stor.jpg,/objects/small/02stor_sm.jpg,/objects/thumbs/02stor_th.jpg
03acpro.jpg,/objects/03acpro.jpg,/objects/small/03acpro_sm.jpg,/objects/thumbs/03acpro_th.jpg
03athlet.jpg,/objects/03athlet.jpg,/objects/small/03athlet_sm.jpg,/objects/thumbs/03athlet_th.jpg
03casc.jpg,/objects/03casc.jpg,/objects/small/03casc_sm.jpg,/objects/thumbs/03casc_th.jpg
03ccp.jpg,/objects/03ccp.jpg,/objects/small/03ccp_sm.jpg,/objects/thumbs/03ccp_th.jpg
03land1.jpg,/objects/03land1.jpg,/objects/small/03land1_sm.jpg,/objects/thumbs/03land1_th.jpg
03lead.jpg,/objects/03lead.jpg,/objects/small/03lead_sm.jpg,/objects/thumbs/03lead_th.jpg
03research.jpg,/objects/03research.jpg,/objects/small/03research_sm.jpg,/objects/thumbs/03research_th.jpg
03stor.jpg,/objects/03stor.jpg,/objects/small/03stor_sm.jpg,/objects/thumbs/03stor_th.jpg
04acpro.jpg,/objects/04acpro.jpg,/objects/small/04acpro_sm.jpg,/objects/thumbs/04acpro_th.jpg
04athlet.jpg,/objects/04athlet.jpg,/objects/small/04athlet_sm.jpg,/objects/thumbs/04athlet_th.jpg
04casc.jpg,/objects/04casc.jpg,/objects/small/04casc_sm.jpg,/objects/thumbs/04casc_th.jpg
04ccp.jpg,/objects/04ccp.jpg,/objects/small/04ccp_sm.jpg,/objects/thumbs/04ccp_th.jpg
04land.jpg,/objects/04land.jpg,/objects/small/04land_sm.jpg,/objects/thumbs/04land_th.jpg
04lead.jpg,/objects/04lead.jpg,/objects/small/04lead_sm.jpg,/objects/thumbs/04lead_th.jpg
04research.jpg,/objects/04research.jpg,/objects/small/04research_sm.jpg,/objects/thumbs/04research_th.jpg
04stor.jpg,/objects/04stor.jpg,/objects/small/04stor_sm.jpg,/objects/thumbs/04stor_th.jpg
05acpro.jpg,/objects/05acpro.jpg,/objects/small/05acpro_sm.jpg,/objects/thumbs/05acpro_th.jpg
05alead1.jpg,/objects/05alead1.jpg,/objects/small/05alead1_sm.jpg,/objects/thumbs/05alead1_th.jpg
05alead2.jpg,/objects/05alead2.jpg,/objects/small/05alead2_sm.jpg,/objects/thumbs/05alead2_th.jpg
05alead3.jpg,/objects/05alead3.jpg,/objects/small/05alead3_sm.jpg,/objects/thumbs/05alead3_th.jpg
05athlet.jpg,/objects/05athlet.jpg,/objects/small/05athlet_sm.jpg,/objects/thumbs/05athlet_th.jpg
05casc.jpg,/objects/05casc.jpg,/objects/small/05casc_sm.jpg,/objects/thumbs/05casc_th.jpg
05ccp.jpg,/objects/05ccp.jpg,/objects/small/05ccp_sm.jpg,/objects/thumbs/05ccp_th.jpg
05land.jpg,/objects/05land.jpg,/objects/small/05land_sm.jpg,/objects/thumbs/05land_th.jpg
05lead.jpg,/objects/05lead.jpg,/objects/small/05lead_sm.jpg,/objects/thumbs/05lead_th.jpg
05research.jpg,/objects/05research.jpg,/objects/small/05research_sm.jpg,/objects/thumbs/05research_th.jpg
05stor.jpg,/objects/05stor.jpg,/objects/small/05stor_sm.jpg,/objects/thumbs/05stor_th.jpg
06Astor.jpg,/objects/06Astor.jpg,/objects/small/06astor_sm.jpg,/objects/thumbs/06astor_th.jpg
06Bstor.jpg,/objects/06Bstor.jpg,/objects/small/06bstor_sm.jpg,/objects/thumbs/06bstor_th.jpg
06acpro.jpg,/objects/06acpro.jpg,/objects/small/06acpro_sm.jpg,/objects/thumbs/06acpro_th.jpg
06alead1.jpg,/objects/06alead1.jpg,/objects/small/06alead1_sm.jpg,/objects/thumbs/06alead1_th.jpg
06alead2.jpg,/objects/06alead2.jpg,/objects/small/06alead2_sm.jpg,/objects/thumbs/06alead2_th.jpg
06athlet.jpg,/objects/06athlet.jpg,/objects/small/06athlet_sm.jpg,/objects/thumbs/06athlet_th.jpg
06casc.jpg,/objects/06casc.jpg,/objects/small/06casc_sm.jpg,/objects/thumbs/06casc_th.jpg
06ccp.jpg,/objects/06ccp.jpg,/objects/small/06ccp_sm.jpg,/objects/thumbs/06ccp_th.jpg
06land.jpg,/objects/06land.jpg,/objects/small/06land_sm.jpg,/objects/thumbs/06land_th.jpg
06lead.jpg,/objects/06lead.jpg,/objects/small/06lead_sm.jpg,/objects/thumbs/06lead_th.jpg
06research.jpg,/objects/06research.jpg,/objects/small/06research_sm.jpg,/objects/thumbs/06research_th.jpg
07alead1.jpg,/objects/07alead1.jpg,/objects/small/07alead1_sm.jpg,/objects/thumbs/07alead1_th.jpg
07alead2.jpg,/objects/07alead2.jpg,/objects/small/07alead2_sm.jpg,/objects/thumbs/07alead2_th.jpg
07alead3.jpg,/objects/07alead3.jpg,/objects/small/07alead3_sm.jpg,/objects/thumbs/07alead3_th.jpg
07alead4.jpg,/objects/07alead4.jpg,/objects/small/07alead4_sm.jpg,/objects/thumbs/07alead4_th.jpg
07athlet.jpg,/objects/07athlet.jpg,/objects/small/07athlet_sm.jpg,/objects/thumbs/07athlet_th.jpg
07casc.jpg,/objects/07casc.jpg,/objects/small/07casc_sm.jpg,/objects/thumbs/07casc_th.jpg
07ccp.jpg,/objects/07ccp.jpg,/objects/small/07ccp_sm.jpg,/objects/thumbs/07ccp_th.jpg
07land.jpg,/objects/07land.jpg,/objects/small/07land_sm.jpg,/objects/thumbs/07land_th.jpg
07lead.jpg,/objects/07lead.jpg,/objects/small/07lead_sm.jpg,/objects/thumbs/07lead_th.jpg
07research.jpg,/objects/07research.jpg,/objects/small/07research_sm.jpg,/objects/thumbs/07research_th.jpg
07stor.jpg,/objects/07stor.jpg,/objects/small/07stor_sm.jpg,/objects/thumbs/07stor_th.jpg
08Accp.jpg,/objects/08Accp.jpg,/objects/small/08accp_sm.jpg,/objects/thumbs/08accp_th.jpg
08acpro.jpg,/objects/08acpro.jpg,/objects/small/08acpro_sm.jpg,/objects/thumbs/08acpro_th.jpg
08athlet.jpg,/objects/08athlet.jpg,/objects/small/08athlet_sm.jpg,/objects/thumbs/08athlet_th.jpg
08casc.jpg,/objects/08casc.jpg,/objects/small/08casc_sm.jpg,/objects/thumbs/08casc_th.jpg
08land.jpg,/objects/08land.jpg,/objects/small/08land_sm.jpg,/objects/thumbs/08land_th.jpg
08lead.jpg,/objects/08lead.jpg,/objects/small/08lead_sm.jpg,/objects/thumbs/08lead_th.jpg
08research.jpg,/objects/08research.jpg,/objects/small/08research_sm.jpg,/objects/thumbs/08research_th.jpg
08stor.jpg,/objects/08stor.jpg,/objects/small/08stor_sm.jpg,/objects/thumbs/08stor_th.jpg
09Aathlet.jpg,/objects/09Aathlet.jpg,/objects/small/09aathlet_sm.jpg,/objects/thumbs/09aathlet_th.jpg
09Bathlet.jpg,/objects/09Bathlet.jpg,/objects/small/09bathlet_sm.jpg,/objects/thumbs/09bathlet_th.jpg
09Cathlet.jpg,/objects/09Cathlet.jpg,/objects/small/09cathlet_sm.jpg,/objects/thumbs/09cathlet_th.jpg
09accp.jpg,/objects/09accp.jpg,/objects/small/09accp_sm.jpg,/objects/thumbs/09accp_th.jpg
09acpro.jpg,/objects/09acpro.jpg,/objects/small/09acpro_sm.jpg,/objects/thumbs/09acpro_th.jpg
09casc.jpg,/objects/09casc.jpg,/objects/small/09casc_sm.jpg,/objects/thumbs/09casc_th.jpg
09land.jpg,/objects/09land.jpg,/objects/small/09land_sm.jpg,/objects/thumbs/09land_th.jpg
09lead.jpg,/objects/09lead.jpg,/objects/small/09lead_sm.jpg,/objects/thumbs/09lead_th.jpg
09research.jpg,/objects/09research.jpg,/objects/small/09research_sm.jpg,/objects/thumbs/09research_th.jpg
09stor.jpg,/objects/09stor.jpg,/objects/small/09stor_sm.jpg,/objects/thumbs/09stor_th.jpg
10Aland.jpg,/objects/10Aland.jpg,/objects/small/10aland_sm.jpg,/objects/thumbs/10aland_th.jpg
10Bland.jpg,/objects/10Bland.jpg,/objects/small/10bland_sm.jpg,/objects/thumbs/10bland_th.jpg
10acpro.jpg,/objects/10acpro.jpg,/objects/small/10acpro_sm.jpg,/objects/thumbs/10acpro_th.jpg
10athlet.jpg,/objects/10athlet.jpg,/objects/small/10athlet_sm.jpg,/objects/thumbs/10athlet_th.jpg
10casc.jpg,/objects/10casc.jpg,/objects/small/10casc_sm.jpg,/objects/thumbs/10casc_th.jpg
10ccp.jpg,/objects/10ccp.jpg,/objects/small/10ccp_sm.jpg,/objects/thumbs/10ccp_th.jpg
10lead.jpg,/objects/10lead.jpg,/objects/small/10lead_sm.jpg,/objects/thumbs/10lead_th.jpg
10research.jpg,/objects/10research.jpg,/objects/small/10research_sm.jpg,/objects/thumbs/10research_th.jpg
10stor.jpg,/objects/10stor.jpg,/objects/small/10stor_sm.jpg,/objects/thumbs/10stor_th.jpg
11acpro.jpg,/objects/11acpro.jpg,/objects/small/11acpro_sm.jpg,/objects/thumbs/11acpro_th.jpg
11athlet.jpg,/objects/11athlet.jpg,/objects/small/11athlet_sm.jpg,/objects/thumbs/11athlet_th.jpg
11casc.jpg,/objects/11casc.jpg,/objects/small/11casc_sm.jpg,/objects/thumbs/11casc_th.jpg
11ccp.jpg,/objects/11ccp.jpg,/objects/small/11ccp_sm.jpg,/objects/thumbs/11ccp_th.jpg
11land.jpg,/objects/11land.jpg,/objects/small/11land_sm.jpg,/objects/thumbs/11land_th.jpg
11lead.jpg,/objects/11lead.jpg,/objects/small/11lead_sm.jpg,/objects/thumbs/11lead_th.jpg
11research.jpg,/objects/11research.jpg,/objects/small/11research_sm.jpg,/objects/thumbs/11research_th.jpg
11stor.jpg,/objects/11stor.jpg,/objects/small/11stor_sm.jpg,/objects/thumbs/11stor_th.jpg
12Acasc.jpg,/objects/12Acasc.jpg,/objects/small/12acasc_sm.jpg,/objects/thumbs/12acasc_th.jpg
12Bcasc.jpg,/objects/12Bcasc.jpg,/objects/small/12bcasc_sm.jpg,/objects/thumbs/12bcasc_th.jpg
12acpro.jpg,/objects/12acpro.jpg,/objects/small/12acpro_sm.jpg,/objects/thumbs/12acpro_th.jpg
12athlet.jpg,/objects/12athlet.jpg,/objects/small/12athlet_sm.jpg,/objects/thumbs/12athlet_th.jpg
12ccp.jpg,/objects/12ccp.jpg,/objects/small/12ccp_sm.jpg,/objects/thumbs/12ccp_th.jpg
12land.jpg,/objects/12land.jpg,/objects/small/12land_sm.jpg,/objects/thumbs/12land_th.jpg
12lead.jpg,/objects/12lead.jpg,/objects/small/12lead_sm.jpg,/objects/thumbs/12lead_th.jpg
12research.jpg,/objects/12research.jpg,/objects/small/12research_sm.jpg,/objects/thumbs/12research_th.jpg
12stor.jpg,/objects/12stor.jpg,/objects/small/12stor_sm.jpg,/objects/thumbs/12stor_th.jpg
13accp.jpg,/objects/13accp.jpg,/objects/small/13accp_sm.jpg,/objects/thumbs/13accp_th.jpg
13athlet.jpg,/objects/13athlet.jpg,/objects/small/13athlet_sm.jpg,/objects/thumbs/13athlet_th.jpg
13bccp.jpg,/objects/13bccp.jpg,/objects/small/13bccp_sm.jpg,/objects/thumbs/13bccp_th.jpg
13casc.jpg,/objects/13casc.jpg,/objects/small/13casc_sm.jpg,/objects/thumbs/13casc_th.jpg
13land.jpg,/objects/13land.jpg,/objects/small/13land_sm.jpg,/objects/thumbs/13land_th.jpg
13lead.jpg,/objects/13lead.jpg,/objects/small/13lead_sm.jpg,/objects/thumbs/13lead_th.jpg
13research.jpg,/objects/13research.jpg,/objects/small/13research_sm.jpg,/objects/thumbs/13research_th.jpg
13stor.jpg,/objects/13stor.jpg,/objects/small/13stor_sm.jpg,/objects/thumbs/13stor_th.jpg
14athlet.jpg,/objects/14athlet.jpg,/objects/small/14athlet_sm.jpg,/objects/thumbs/14athlet_th.jpg
14casc.jpg,/objects/14casc.jpg,/objects/small/14casc_sm.jpg,/objects/thumbs/14casc_th.jpg
14ccp.jpg,/objects/14ccp.jpg,/objects/small/14ccp_sm.jpg,/objects/thumbs/14ccp_th.jpg
14land.jpg,/objects/14land.jpg,/objects/small/14land_sm.jpg,/objects/thumbs/14land_th.jpg
14lead.jpg,/objects/14lead.jpg,/objects/small/14lead_sm.jpg,/objects/thumbs/14lead_th.jpg
14research.jpg,/objects/14research.jpg,/objects/small/14research_sm.jpg,/objects/thumbs/14research_th.jpg
14stor.jpg,/objects/14stor.jpg,/objects/small/14stor_sm.jpg,/objects/thumbs/14stor_th.jpg
15Astor.jpg,/objects/15Astor.jpg,/objects/small/15astor_sm.jpg,/objects/thumbs/15astor_th.jpg
15Bstor.jpg,/objects/15Bstor.jpg,/objects/small/15bstor_sm.jpg,/objects/thumbs/15bstor_th.jpg
15accp.jpg,/objects/15accp.jpg,/objects/small/15accp_sm.jpg,/objects/thumbs/15accp_th.jpg
15acpro.jpg,/objects/15acpro.jpg,/objects/small/15acpro_sm.jpg,/objects/thumbs/15acpro_th.jpg
15athlet.jpg,/objects/15athlet.jpg,/objects/small/15athlet_sm.jpg,/objects/thumbs/15athlet_th.jpg
15casc.jpg,/objects/15casc.jpg,/objects/small/15casc_sm.jpg,/objects/thumbs/15casc_th.jpg
15ccp.jpg,/objects/15ccp.jpg,/objects/small/15ccp_sm.jpg,/objects/thumbs/15ccp_th.jpg
15land.jpg,/objects/15land.jpg,/objects/small/15land_sm.jpg,/objects/thumbs/15land_th.jpg
15lead.jpg,/objects/15lead.jpg,/objects/small/15lead_sm.jpg,/objects/thumbs/15lead_th.jpg
15research.jpg,/objects/15research.jpg,/objects/small/15research_sm.jpg,/objects/thumbs/15research_th.jpg
16acpro.jpg,/objects/16acpro.jpg,/objects/small/16acpro_sm.jpg,/objects/thumbs/16acpro_th.jpg
16athlet.jpg,/objects/16athlet.jpg,/objects/small/16athlet_sm.jpg,/objects/thumbs/16athlet_th.jpg
16casc.jpg,/objects/16casc.jpg,/objects/small/16casc_sm.jpg,/objects/thumbs/16casc_th.jpg
16ccp.jpg,/objects/16ccp.jpg,/objects/small/16ccp_sm.jpg,/objects/thumbs/16ccp_th.jpg
16land.jpg,/objects/16land.jpg,/objects/small/16land_sm.jpg,/objects/thumbs/16land_th.jpg
16lead.jpg,/objects/16lead.jpg,/objects/small/16lead_sm.jpg,/objects/thumbs/16lead_th.jpg
16research.jpg,/objects/16research.jpg,/objects/small/16research_sm.jpg,/objects/thumbs/16research_th.jpg
16stor.jpg,/objects/16stor.jpg,/objects/small/16stor_sm.jpg,/objects/thumbs/16stor_th.jpg
17Aacpro.jpg,/objects/17Aacpro.jpg,/objects/small/17aacpro_sm.jpg,/objects/thumbs/17aacpro_th.jpg
17athlet.jpg,/objects/17athlet.jpg,/objects/small/17athlet_sm.jpg,/objects/thumbs/17athlet_th.jpg
17casc.jpg,/objects/17casc.jpg,/objects/small/17casc_sm.jpg,/objects/thumbs/17casc_th.jpg
17ccp.jpg,/objects/17ccp.jpg,/objects/small/17ccp_sm.jpg,/objects/thumbs/17ccp_th.jpg
17land.jpg,/objects/17land.jpg,/objects/small/17land_sm.jpg,/objects/thumbs/17land_th.jpg
17lead.jpg,/objects/17lead.jpg,/objects/small/17lead_sm.jpg,/objects/thumbs/17lead_th.jpg
17research.jpg,/objects/17research.jpg,/objects/small/17research_sm.jpg,/objects/thumbs/17research_th.jpg
17stor.jpg,/objects/17stor.jpg,/objects/small/17stor_sm.jpg,/objects/thumbs/17stor_th.jpg
18acpro.jpg,/objects/18acpro.jpg,/objects/small/18acpro_sm.jpg,/objects/thumbs/18acpro_th.jpg
18athlet.jpg,/objects/18athlet.jpg,/objects/small/18athlet_sm.jpg,/objects/thumbs/18athlet_th.jpg
18casc.jpg,/objects/18casc.jpg,/objects/small/18casc_sm.jpg,/objects/thumbs/18casc_th.jpg
18ccp.jpg,/objects/18ccp.jpg,/objects/small/18ccp_sm.jpg,/objects/thumbs/18ccp_th.jpg
18lead.jpg,/objects/18lead.jpg,/objects/small/18lead_sm.jpg,/objects/thumbs/18lead_th.jpg
18research.jpg,/objects/18research.jpg,/objects/small/18research_sm.jpg,/objects/thumbs/18research_th.jpg
18stor.jpg,/objects/18stor.jpg,/objects/small/18stor_sm.jpg,/objects/thumbs/18stor_th.jpg
19acasc.jpg,/objects/19acasc.jpg,/objects/small/19acasc_sm.jpg,/objects/thumbs/19acasc_th.jpg
19acpro.jpg,/objects/19acpro.jpg,/objects/small/19acpro_sm.jpg,/objects/thumbs/19acpro_th.jpg
19athlet.jpg,/objects/19athlet.jpg,/objects/small/19athlet_sm.jpg,/objects/thumbs/19athlet_th.jpg
19casc.jpg,/objects/19casc.jpg,/objects/small/19casc_sm.jpg,/objects/thumbs/19casc_th.jpg
19ccp.jpg,/objects/19ccp.jpg,/objects/small/19ccp_sm.jpg,/objects/thumbs/19ccp_th.jpg
19land.jpg,/objects/19land.jpg,/objects/small/19land_sm.jpg,/objects/thumbs/19land_th.jpg
19lead.jpg,/objects/19lead.jpg,/objects/small/19lead_sm.jpg,/objects/thumbs/19lead_th.jpg
19research.jpg,/objects/19research.jpg,/objects/small/19research_sm.jpg,/objects/thumbs/19research_th.jpg
19stor.jpg,/objects/19stor.jpg,/objects/small/19stor_sm.jpg,/objects/thumbs/19stor_th.jpg
20acpro.jpg,/objects/20acpro.jpg,/objects/small/20acpro_sm.jpg,/objects/thumbs/20acpro_th.jpg
20athlet.jpg,/objects/20athlet.jpg,/objects/small/20athlet_sm.jpg,/objects/thumbs/20athlet_th.jpg
20casc.jpg,/objects/20casc.jpg,/objects/small/20casc_sm.jpg,/objects/thumbs/20casc_th.jpg
20lead.jpg,/objects/20lead.jpg,/objects/small/20lead_sm.jpg,/objects/thumbs/20lead_th.jpg
20research.jpg,/objects/20research.jpg,/objects/small/20research_sm.jpg,/objects/thumbs/20research_th.jpg
20stor.jpg,/objects/20stor.jpg,/objects/small/20stor_sm.jpg,/objects/thumbs/20stor_th.jpg
21Astor.jpg,/objects/21Astor.jpg,/objects/small/21astor_sm.jpg,/objects/thumbs/21astor_th.jpg
21a-lead.jpg,/objects/21a-lead.jpg,/objects/small/21a-lead_sm.jpg,/objects/thumbs/21a-lead_th.jpg
21athlet.jpg,/objects/21athlet.jpg,/objects/small/21athlet_sm.jpg,/objects/thumbs/21athlet_th.jpg
21casc.jpg,/objects/21casc.jpg,/objects/small/21casc_sm.jpg,/objects/thumbs/21casc_th.jpg
21ccp.jpg,/objects/21ccp.jpg,/objects/small/21ccp_sm.jpg,/objects/thumbs/21ccp_th.jpg
21land.jpg,/objects/21land.jpg,/objects/small/21land_sm.jpg,/objects/thumbs/21land_th.jpg
21lead.jpg,/objects/21lead.jpg,/objects/small/21lead_sm.jpg,/objects/thumbs/21lead_th.jpg
21research.jpg,/objects/21research.jpg,/objects/small/21research_sm.jpg,/objects/thumbs/21research_th.jpg
22acpro.jpg,/objects/22acpro.jpg,/objects/small/22acpro_sm.jpg,/objects/thumbs/22acpro_th.jpg
22athlet.jpg,/objects/22athlet.jpg,/objects/small/22athlet_sm.jpg,/objects/thumbs/22athlet_th.jpg
22casc.jpg,/objects/22casc.jpg,/objects/small/22casc_sm.jpg,/objects/thumbs/22casc_th.jpg
22ccp.jpg,/objects/22ccp.jpg,/objects/small/22ccp_sm.jpg,/objects/thumbs/22ccp_th.jpg
22lead.jpg,/objects/22lead.jpg,/objects/small/22lead_sm.jpg,/objects/thumbs/22lead_th.jpg
22research.jpg,/objects/22research.jpg,/objects/small/22research_sm.jpg,/objects/thumbs/22research_th.jpg
22stor.jpg,/objects/22stor.jpg,/objects/small/22stor_sm.jpg,/objects/thumbs/22stor_th.jpg
23acpro.jpg,/objects/23acpro.jpg,/objects/small/23acpro_sm.jpg,/objects/thumbs/23acpro_th.jpg
23athlet.jpg,/objects/23athlet.jpg,/objects/small/23athlet_sm.jpg,/objects/thumbs/23athlet_th.jpg
23casc.jpg,/objects/23casc.jpg,/objects/small/23casc_sm.jpg,/objects/thumbs/23casc_th.jpg
23ccp.jpg,/objects/23ccp.jpg,/objects/small/23ccp_sm.jpg,/objects/thumbs/23ccp_th.jpg
23land.jpg,/objects/23land.jpg,/objects/small/23land_sm.jpg,/objects/thumbs/23land_th.jpg
23lead.jpg,/objects/23lead.jpg,/objects/small/23lead_sm.jpg,/objects/thumbs/23lead_th.jpg
23research1.jpg,/objects/23research1.jpg,/objects/small/23research1_sm.jpg,/objects/thumbs/23research1_th.jpg
23stor.jpg,/objects/23stor.jpg,/objects/small/23stor_sm.jpg,/objects/thumbs/23stor_th.jpg
24Astor.jpg,/objects/24Astor.jpg,/objects/small/24astor_sm.jpg,/objects/thumbs/24astor_th.jpg
24Bstor.jpg,/objects/24Bstor.jpg,/objects/small/24bstor_sm.jpg,/objects/thumbs/24bstor_th.jpg
24acpro.jpg,/objects/24acpro.jpg,/objects/small/24acpro_sm.jpg,/objects/thumbs/24acpro_th.jpg
24athlet.jpg,/objects/24athlet.jpg,/objects/small/24athlet_sm.jpg,/objects/thumbs/24athlet_th.jpg
24bacpro.jpg,/objects/24bacpro.jpg,/objects/small/24bacpro_sm.jpg,/objects/thumbs/24bacpro_th.jpg
24cacpro.jpg,/objects/24cacpro.jpg,/objects/small/24cacpro_sm.jpg,/objects/thumbs/24cacpro_th.jpg
24casc.jpg,/objects/24casc.jpg,/objects/small/24casc_sm.jpg,/objects/thumbs/24casc_th.jpg
24ccp.jpg,/objects/24ccp.jpg,/objects/small/24ccp_sm.jpg,/objects/thumbs/24ccp_th.jpg
24dacpro.jpg,/objects/24dacpro.jpg,/objects/small/24dacpro_sm.jpg,/objects/thumbs/24dacpro_th.jpg
24land.jpg,/objects/24land.jpg,/objects/small/24land_sm.jpg,/objects/thumbs/24land_th.jpg
24lead.jpg,/objects/24lead.jpg,/objects/small/24lead_sm.jpg,/objects/thumbs/24lead_th.jpg
24research.jpg,/objects/24research.jpg,/objects/small/24research_sm.jpg,/objects/thumbs/24research_th.jpg
25accp.jpg,/objects/25accp.jpg,/objects/small/25accp_sm.jpg,/objects/thumbs/25accp_th.jpg
25acpro.jpg,/objects/25acpro.jpg,/objects/small/25acpro_sm.jpg,/objects/thumbs/25acpro_th.jpg
25athlet.jpg,/objects/25athlet.jpg,/objects/small/25athlet_sm.jpg,/objects/thumbs/25athlet_th.jpg
25bccp.jpg,/objects/25bccp.jpg,/objects/small/25bccp_sm.jpg,/objects/thumbs/25bccp_th.jpg
25casc.jpg,/objects/25casc.jpg,/objects/small/25casc_sm.jpg,/objects/thumbs/25casc_th.jpg
25cccp.jpg,/objects/25cccp.jpg,/objects/small/25cccp_sm.jpg,/objects/thumbs/25cccp_th.jpg
25dccp.jpg,/objects/25dccp.jpg,/objects/small/25dccp_sm.jpg,/objects/thumbs/25dccp_th.jpg
25land.jpg,/objects/25land.jpg,/objects/small/25land_sm.jpg,/objects/thumbs/25land_th.jpg
25lead.jpg,/objects/25lead.jpg,/objects/small/25lead_sm.jpg,/objects/thumbs/25lead_th.jpg
25research.jpg,/objects/25research.jpg,/objects/small/25research_sm.jpg,/objects/thumbs/25research_th.jpg
25stor.jpg,/objects/25stor.jpg,/objects/small/25stor_sm.jpg,/objects/thumbs/25stor_th.jpg
26acpro.jpg,/objects/26acpro.jpg,/objects/small/26acpro_sm.jpg,/objects/thumbs/26acpro_th.jpg
26athlet.jpg,/objects/26athlet.jpg,/objects/small/26athlet_sm.jpg,/objects/thumbs/26athlet_th.jpg
26casc.jpg,/objects/26casc.jpg,/objects/small/26casc_sm.jpg,/objects/thumbs/26casc_th.jpg
26ccp.jpg,/objects/26ccp.jpg,/objects/small/26ccp_sm.jpg,/objects/thumbs/26ccp_th.jpg
26land.jpg,/objects/26land.jpg,/objects/small/26land_sm.jpg,/objects/thumbs/26land_th.jpg
26lead.jpg,/objects/26lead.jpg,/objects/small/26lead_sm.jpg,/objects/thumbs/26lead_th.jpg
26research.jpg,/objects/26research.jpg,/objects/small/26research_sm.jpg,/objects/thumbs/26research_th.jpg
27Aathlet.jpg,/objects/27Aathlet.jpg,/objects/small/27aathlet_sm.jpg,/objects/thumbs/27aathlet_th.jpg
27Bathlet.jpg,/objects/27Bathlet.jpg,/objects/small/27bathlet_sm.jpg,/objects/thumbs/27bathlet_th.jpg
27casc.jpg,/objects/27casc.jpg,/objects/small/27casc_sm.jpg,/objects/thumbs/27casc_th.jpg
27land.jpg,/objects/27land.jpg,/objects/small/27land_sm.jpg,/objects/thumbs/27land_th.jpg
27lead.jpg,/objects/27lead.jpg,/objects/small/27lead_sm.jpg,/objects/thumbs/27lead_th.jpg
28acpro.jpg,/objects/28acpro.jpg,/objects/small/28acpro_sm.jpg,/objects/thumbs/28acpro_th.jpg
28alead.jpg,/objects/28alead.jpg,/objects/small/28alead_sm.jpg,/objects/thumbs/28alead_th.jpg
28athlet.jpg,/objects/28athlet.jpg,/objects/small/28athlet_sm.jpg,/objects/thumbs/28athlet_th.jpg
28blead.jpg,/objects/28blead.jpg,/objects/small/28blead_sm.jpg,/objects/thumbs/28blead_th.jpg
28casc.jpg,/objects/28casc.jpg,/objects/small/28casc_sm.jpg,/objects/thumbs/28casc_th.jpg
28land.jpg,/objects/28land.jpg,/objects/small/28land_sm.jpg,/objects/thumbs/28land_th.jpg
28research.jpg,/objects/28research.jpg,/objects/small/28research_sm.jpg,/objects/thumbs/28research_th.jpg
29acpro.jpg,/objects/29acpro.jpg,/objects/small/29acpro_sm.jpg,/objects/thumbs/29acpro_th.jpg
29athlet.jpg,/objects/29athlet.jpg,/objects/small/29athlet_sm.jpg,/objects/thumbs/29athlet_th.jpg
29casc.jpg,/objects/29casc.jpg,/objects/small/29casc_sm.jpg,/objects/thumbs/29casc_th.jpg
29land.jpg,/objects/29land.jpg,/objects/small/29land_sm.jpg,/objects/thumbs/29land_th.jpg
29lead.jpg,/objects/29lead.jpg,/objects/small/29lead_sm.jpg,/objects/thumbs/29lead_th.jpg
29research.jpg,/objects/29research.jpg,/objects/small/29research_sm.jpg,/objects/thumbs/29research_th.jpg
30acpro.jpg,/objects/30acpro.jpg,/objects/small/30acpro_sm.jpg,/objects/thumbs/30acpro_th.jpg
30aresearch.jpg,/objects/30aresearch.jpg,/objects/small/30aresearch_sm.jpg,/objects/thumbs/30aresearch_th.jpg
30athlet.jpg,/objects/30athlet.jpg,/objects/small/30athlet_sm.jpg,/objects/thumbs/30athlet_th.jpg
30casc.jpg,/objects/30casc.jpg,/objects/small/30casc_sm.jpg,/objects/thumbs/30casc_th.jpg
30land.jpg,/objects/30land.jpg,/objects/small/30land_sm.jpg,/objects/thumbs/30land_th.jpg
30lead.jpg,/objects/30lead.jpg,/objects/small/30lead_sm.jpg,/objects/thumbs/30lead_th.jpg
30research.jpg,/objects/30research.jpg,/objects/small/30research_sm.jpg,/objects/thumbs/30research_th.jpg
31casc.jpg,/objects/31casc.jpg,/objects/small/31casc_sm.jpg,/objects/thumbs/31casc_th.jpg
31land.jpg,/objects/31land.jpg,/objects/small/31land_sm.jpg,/objects/thumbs/31land_th.jpg
31lead-1.jpg,/objects/31lead-1.jpg,/objects/small/31lead-1_sm.jpg,/objects/thumbs/31lead-1_th.jpg
31lead-2.jpg,/objects/31lead-2.jpg,/objects/small/31lead-2_sm.jpg,/objects/thumbs/31lead-2_th.jpg
31lead-3.jpg,/objects/31lead-3.jpg,/objects/small/31lead-3_sm.jpg,/objects/thumbs/31lead-3_th.jpg
31research.jpg,/objects/31research.jpg,/objects/small/31research_sm.jpg,/objects/thumbs/31research_th.jpg
32casc.jpg,/objects/32casc.jpg,/objects/small/32casc_sm.jpg,/objects/thumbs/32casc_th.jpg
32land.jpg,/objects/32land.jpg,/objects/small/32land_sm.jpg,/objects/thumbs/32land_th.jpg
32lead.jpg,/objects/32lead.jpg,/objects/small/32lead_sm.jpg,/objects/thumbs/32lead_th.jpg
32research.jpg,/objects/32research.jpg,/objects/small/32research_sm.jpg,/objects/thumbs/32research_th.jpg
33Aathlet.jpg,/objects/33Aathlet.jpg,/objects/small/33aathlet_sm.jpg,/objects/thumbs/33aathlet_th.jpg
33Bathlet.jpg,/objects/33Bathlet.jpg,/objects/small/33bathlet_sm.jpg,/objects/thumbs/33bathlet_th.jpg
33acpro.jpg,/objects/33acpro.jpg,/objects/small/33acpro_sm.jpg,/objects/thumbs/33acpro_th.jpg
33acpro1.jpg,/objects/33acpro1.jpg,/objects/small/33acpro1_sm.jpg,/objects/thumbs/33acpro1_th.jpg
33acpro2.jpg,/objects/33acpro2.jpg,/objects/small/33acpro2_sm.jpg,/objects/thumbs/33acpro2_th.jpg
33casc.jpg,/objects/33casc.jpg,/objects/small/33casc_sm.jpg,/objects/thumbs/33casc_th.jpg
33land.jpg,/objects/33land.jpg,/objects/small/33land_sm.jpg,/objects/thumbs/33land_th.jpg
33lead.jpg,/objects/33lead.jpg,/objects/small/33lead_sm.jpg,/objects/thumbs/33lead_th.jpg
33research.jpg,/objects/33research.jpg,/objects/small/33research_sm.jpg,/objects/thumbs/33research_th.jpg
34athlet.jpg,/objects/34athlet.jpg,/objects/small/34athlet_sm.jpg,/objects/thumbs/34athlet_th.jpg
34casc.jpg,/objects/34casc.jpg,/objects/small/34casc_sm.jpg,/objects/thumbs/34casc_th.jpg
34lead.jpg,/objects/34lead.jpg,/objects/small/34lead_sm.jpg,/objects/thumbs/34lead_th.jpg
35acpro.jpg,/objects/35acpro.jpg,/objects/small/35acpro_sm.jpg,/objects/thumbs/35acpro_th.jpg
35athlet.jpg,/objects/35athlet.jpg,/objects/small/35athlet_sm.jpg,/objects/thumbs/35athlet_th.jpg
35casc.jpg,/objects/35casc.jpg,/objects/small/35casc_sm.jpg,/objects/thumbs/35casc_th.jpg
35land.jpg,/objects/35land.jpg,/objects/small/35land_sm.jpg,/objects/thumbs/35land_th.jpg
35lead.jpg,/objects/35lead.jpg,/objects/small/35lead_sm.jpg,/objects/thumbs/35lead_th.jpg
36athlet.jpg,/objects/36athlet.jpg,/objects/small/36athlet_sm.jpg,/objects/thumbs/36athlet_th.jpg
36casc.jpg,/objects/36casc.jpg,/objects/small/36casc_sm.jpg,/objects/thumbs/36casc_th.jpg
36land.jpg,/objects/36land.jpg,/objects/small/36land_sm.jpg,/objects/thumbs/36land_th.jpg
36lead.jpg,/objects/36lead.jpg,/objects/small/36lead_sm.jpg,/objects/thumbs/36lead_th.jpg
37acpro.jpg,/objects/37acpro.jpg,/objects/small/37acpro_sm.jpg,/objects/thumbs/37acpro_th.jpg
37athlet.jpg,/objects/37athlet.jpg,/objects/small/37athlet_sm.jpg,/objects/thumbs/37athlet_th.jpg
37casc.jpg,/objects/37casc.jpg,/objects/small/37casc_sm.jpg,/objects/thumbs/37casc_th.jpg
37land.jpg,/objects/37land.jpg,/objects/small/37land_sm.jpg,/objects/thumbs/37land_th.jpg
37lead.jpg,/objects/37lead.jpg,/objects/small/37lead_sm.jpg,/objects/thumbs/37lead_th.jpg
38acpro.jpg,/objects/38acpro.jpg,/objects/small/38acpro_sm.jpg,/objects/thumbs/38acpro_th.jpg
38athlet.jpg,/objects/38athlet.jpg,/objects/small/38athlet_sm.jpg,/objects/thumbs/38athlet_th.jpg
38casc.jpg,/objects/38casc.jpg,/objects/small/38casc_sm.jpg,/objects/thumbs/38casc_th.jpg
38land.jpg,/objects/38land.jpg,/objects/small/38land_sm.jpg,/objects/thumbs/38land_th.jpg
38lead.jpg,/objects/38lead.jpg,/objects/small/38lead_sm.jpg,/objects/thumbs/38lead_th.jpg
39acpro.jpg,/objects/39acpro.jpg,/objects/small/39acpro_sm.jpg,/objects/thumbs/39acpro_th.jpg
39athlet.jpg,/objects/39athlet.jpg,/objects/small/39athlet_sm.jpg,/objects/thumbs/39athlet_th.jpg
39casc.jpg,/objects/39casc.jpg,/objects/small/39casc_sm.jpg,/objects/thumbs/39casc_th.jpg
39land.jpg,/objects/39land.jpg,/objects/small/39land_sm.jpg,/objects/thumbs/39land_th.jpg
39lead.jpg,/objects/39lead.jpg,/objects/small/39lead_sm.jpg,/objects/thumbs/39lead_th.jpg
40athlet.jpg,/objects/40athlet.jpg,/objects/small/40athlet_sm.jpg,/objects/thumbs/40athlet_th.jpg
40casc.jpg,/objects/40casc.jpg,/objects/small/40casc_sm.jpg,/objects/thumbs/40casc_th.jpg
40land.jpg,/objects/40land.jpg,/objects/small/40land_sm.jpg,/objects/thumbs/40land_th.jpg
40lead.jpg,/objects/40lead.jpg,/objects/small/40lead_sm.jpg,/objects/thumbs/40lead_th.jpg
41acpro.jpg,/objects/41acpro.jpg,/objects/small/41acpro_sm.jpg,/objects/thumbs/41acpro_th.jpg
41athlet.jpg,/objects/41athlet.jpg,/objects/small/41athlet_sm.jpg,/objects/thumbs/41athlet_th.jpg
41casc.jpg,/objects/41casc.jpg,/objects/small/41casc_sm.jpg,/objects/thumbs/41casc_th.jpg
41land.jpg,/objects/41land.jpg,/objects/small/41land_sm.jpg,/objects/thumbs/41land_th.jpg
42acpro.jpg,/objects/42acpro.jpg,/objects/small/42acpro_sm.jpg,/objects/thumbs/42acpro_th.jpg
42athlet.jpg,/objects/42athlet.jpg,/objects/small/42athlet_sm.jpg,/objects/thumbs/42athlet_th.jpg
42casc.jpg,/objects/42casc.jpg,/objects/small/42casc_sm.jpg,/objects/thumbs/42casc_th.jpg
42lead.jpg,/objects/42lead.jpg,/objects/small/42lead_sm.jpg,/objects/thumbs/42lead_th.jpg
43acpro.jpg,/objects/43acpro.jpg,/objects/small/43acpro_sm.jpg,/objects/thumbs/43acpro_th.jpg
43athlet.jpg,/objects/43athlet.jpg,/objects/small/43athlet_sm.jpg,/objects/thumbs/43athlet_th.jpg
43casc.jpg,/objects/43casc.jpg,/objects/small/43casc_sm.jpg,/objects/thumbs/43casc_th.jpg
43land.jpg,/objects/43land.jpg,/objects/small/43land_sm.jpg,/objects/thumbs/43land_th.jpg
43lead.jpg,/objects/43lead.jpg,/objects/small/43lead_sm.jpg,/objects/thumbs/43lead_th.jpg
44acpro.jpg,/objects/44acpro.jpg,/objects/small/44acpro_sm.jpg,/objects/thumbs/44acpro_th.jpg
44athlet.jpg,/objects/44athlet.jpg,/objects/small/44athlet_sm.jpg,/objects/thumbs/44athlet_th.jpg
44casc.jpg,/objects/44casc.jpg,/objects/small/44casc_sm.jpg,/objects/thumbs/44casc_th.jpg
44land.jpg,/objects/44land.jpg,/objects/small/44land_sm.jpg,/objects/thumbs/44land_th.jpg
44lead.jpg,/objects/44lead.jpg,/objects/small/44lead_sm.jpg,/objects/thumbs/44lead_th.jpg
45Aathlet.jpg,/objects/45Aathlet.jpg,/objects/small/45aathlet_sm.jpg,/objects/thumbs/45aathlet_th.jpg
45Bathlet.jpg,/objects/45Bathlet.jpg,/objects/small/45bathlet_sm.jpg,/objects/thumbs/45bathlet_th.jpg
45acpro.jpg,/objects/45acpro.jpg,/objects/small/45acpro_sm.jpg,/objects/thumbs/45acpro_th.jpg
45casc.jpg,/objects/45casc.jpg,/objects/small/45casc_sm.jpg,/objects/thumbs/45casc_th.jpg
45land.jpg,/objects/45land.jpg,/objects/small/45land_sm.jpg,/objects/thumbs/45land_th.jpg
45lead.jpg,/objects/45lead.jpg,/objects/small/45lead_sm.jpg,/objects/thumbs/45lead_th.jpg
46acpro.jpg,/objects/46acpro.jpg,/objects/small/46acpro_sm.jpg,/objects/thumbs/46acpro_th.jpg
46athlet.jpg,/objects/46athlet.jpg,/objects/small/46athlet_sm.jpg,/objects/thumbs/46athlet_th.jpg
46casc.jpg,/objects/46casc.jpg,/objects/small/46casc_sm.jpg,/objects/thumbs/46casc_th.jpg
46land.jpg,/objects/46land.jpg,/objects/small/46land_sm.jpg,/objects/thumbs/46land_th.jpg
46lead.jpg,/objects/46lead.jpg,/objects/small/46lead_sm.jpg,/objects/thumbs/46lead_th.jpg
47Aathlet.jpg,/objects/47Aathlet.jpg,/objects/small/47aathlet_sm.jpg,/objects/thumbs/47aathlet_th.jpg
47Bathlet.jpg,/objects/47Bathlet.jpg,/objects/small/47bathlet_sm.jpg,/objects/thumbs/47bathlet_th.jpg
47casc.jpg,/objects/47casc.jpg,/objects/small/47casc_sm.jpg,/objects/thumbs/47casc_th.jpg
47land.jpg,/objects/47land.jpg,/objects/small/47land_sm.jpg,/objects/thumbs/47land_th.jpg
47lead.jpg,/objects/47lead.jpg,/objects/small/47lead_sm.jpg,/objects/thumbs/47lead_th.jpg
48acpro.jpg,/objects/48acpro.jpg,/objects/small/48acpro_sm.jpg,/objects/thumbs/48acpro_th.jpg
48athlet.jpg,/objects/48athlet.jpg,/objects/small/48athlet_sm.jpg,/objects/thumbs/48athlet_th.jpg
48casc.jpg,/objects/48casc.jpg,/objects/small/48casc_sm.jpg,/objects/thumbs/48casc_th.jpg
48land.jpg,/objects/48land.jpg,/objects/small/48land_sm.jpg,/objects/thumbs/48land_th.jpg
48lead.jpg,/objects/48lead.jpg,/objects/small/48lead_sm.jpg,/objects/thumbs/48lead_th.jpg
49acpro.jpg,/objects/49acpro.jpg,/objects/small/49acpro_sm.jpg,/objects/thumbs/49acpro_th.jpg
49casc.jpg,/objects/49casc.jpg,/objects/small/49casc_sm.jpg,/objects/thumbs/49casc_th.jpg
49land.jpg,/objects/49land.jpg,/objects/small/49land_sm.jpg,/objects/thumbs/49land_th.jpg
49lead.jpg,/objects/49lead.jpg,/objects/small/49lead_sm.jpg,/objects/thumbs/49lead_th.jpg
50acpro.jpg,/objects/50acpro.jpg,/objects/small/50acpro_sm.jpg,/objects/thumbs/50acpro_th.jpg
50athlet.jpg,/objects/50athlet.jpg,/objects/small/50athlet_sm.jpg,/objects/thumbs/50athlet_th.jpg
50casc.jpg,/objects/50casc.jpg,/objects/small/50casc_sm.jpg,/objects/thumbs/50casc_th.jpg
50land.jpg,/objects/50land.jpg,/objects/small/50land_sm.jpg,/objects/thumbs/50land_th.jpg
50lead.jpg,/objects/50lead.jpg,/objects/small/50lead_sm.jpg,/objects/thumbs/50lead_th.jpg
51Bathlet.jpg,/objects/51Bathlet.jpg,/objects/small/51bathlet_sm.jpg,/objects/thumbs/51bathlet_th.jpg
51acpro.jpg,/objects/51acpro.jpg,/objects/small/51acpro_sm.jpg,/objects/thumbs/51acpro_th.jpg
51athlet.jpg,/objects/51athlet.jpg,/objects/small/51athlet_sm.jpg,/objects/thumbs/51athlet_th.jpg
51casc.jpg,/objects/51casc.jpg,/objects/small/51casc_sm.jpg,/objects/thumbs/51casc_th.jpg
51land.jpg,/objects/51land.jpg,/objects/small/51land_sm.jpg,/objects/thumbs/51land_th.jpg
51lead.jpg,/objects/51lead.jpg,/objects/small/51lead_sm.jpg,/objects/thumbs/51lead_th.jpg
52acpro.jpg,/objects/52acpro.jpg,/objects/small/52acpro_sm.jpg,/objects/thumbs/52acpro_th.jpg
52athlet.jpg,/objects/52athlet.jpg,/objects/small/52athlet_sm.jpg,/objects/thumbs/52athlet_th.jpg
52casc.jpg,/objects/52casc.jpg,/objects/small/52casc_sm.jpg,/objects/thumbs/52casc_th.jpg
52land.jpg,/objects/52land.jpg,/objects/small/52land_sm.jpg,/objects/thumbs/52land_th.jpg
53acpro.jpg,/objects/53acpro.jpg,/objects/small/53acpro_sm.jpg,/objects/thumbs/53acpro_th.jpg
53athlet.jpg,/objects/53athlet.jpg,/objects/small/53athlet_sm.jpg,/objects/thumbs/53athlet_th.jpg
53casc.jpg,/objects/53casc.jpg,/objects/small/53casc_sm.jpg,/objects/thumbs/53casc_th.jpg
53land.jpg,/objects/53land.jpg,/objects/small/53land_sm.jpg,/objects/thumbs/53land_th.jpg
54acpro.jpg,/objects/54acpro.jpg,/objects/small/54acpro_sm.jpg,/objects/thumbs/54acpro_th.jpg
54athlet.jpg,/objects/54athlet.jpg,/objects/small/54athlet_sm.jpg,/objects/thumbs/54athlet_th.jpg
54casc.jpg,/objects/54casc.jpg,/objects/small/54casc_sm.jpg,/objects/thumbs/54casc_th.jpg
54land.jpg,/objects/54land.jpg,/objects/small/54land_sm.jpg,/objects/thumbs/54land_th.jpg
55acpro.jpg,/objects/55acpro.jpg,/objects/small/55acpro_sm.jpg,/objects/thumbs/55acpro_th.jpg
55athlet.jpg,/objects/55athlet.jpg,/objects/small/55athlet_sm.jpg,/objects/thumbs/55athlet_th.jpg
55casc.jpg,/objects/55casc.jpg,/objects/small/55casc_sm.jpg,/objects/thumbs/55casc_th.jpg
55land.jpg,/objects/55land.jpg,/objects/small/55land_sm.jpg,/objects/thumbs/55land_th.jpg
56acpro.jpg,/objects/56acpro.jpg,/objects/small/56acpro_sm.jpg,/objects/thumbs/56acpro_th.jpg
56athlet.jpg,/objects/56athlet.jpg,/objects/small/56athlet_sm.jpg,/objects/thumbs/56athlet_th.jpg
56casc.jpg,/objects/56casc.jpg,/objects/small/56casc_sm.jpg,/objects/thumbs/56casc_th.jpg
56land.jpg,/objects/56land.jpg,/objects/small/56land_sm.jpg,/objects/thumbs/56land_th.jpg
57Aathlet.jpg,/objects/57Aathlet.jpg,/objects/small/57aathlet_sm.jpg,/objects/thumbs/57aathlet_th.jpg
57Bathlet.jpg,/objects/57Bathlet.jpg,/objects/small/57bathlet_sm.jpg,/objects/thumbs/57bathlet_th.jpg
57acpro.jpg,/objects/57acpro.jpg,/objects/small/57acpro_sm.jpg,/objects/thumbs/57acpro_th.jpg
57casc.jpg,/objects/57casc.jpg,/objects/small/57casc_sm.jpg,/objects/thumbs/57casc_th.jpg
57land.jpg,/objects/57land.jpg,/objects/small/57land_sm.jpg,/objects/thumbs/57land_th.jpg
58acpro.jpg,/objects/58acpro.jpg,/objects/small/58acpro_sm.jpg,/objects/thumbs/58acpro_th.jpg
58athlet.jpg,/objects/58athlet.jpg,/objects/small/58athlet_sm.jpg,/objects/thumbs/58athlet_th.jpg
58casc.jpg,/objects/58casc.jpg,/objects/small/58casc_sm.jpg,/objects/thumbs/58casc_th.jpg
58land.jpg,/objects/58land.jpg,/objects/small/58land_sm.jpg,/objects/thumbs/58land_th.jpg
59acpro.jpg,/objects/59acpro.jpg,/objects/small/59acpro_sm.jpg,/objects/thumbs/59acpro_th.jpg
59athlet.jpg,/objects/59athlet.jpg,/objects/small/59athlet_sm.jpg,/objects/thumbs/59athlet_th.jpg
59casc.jpg,/objects/59casc.jpg,/objects/small/59casc_sm.jpg,/objects/thumbs/59casc_th.jpg
59land.jpg,/objects/59land.jpg,/objects/small/59land_sm.jpg,/objects/thumbs/59land_th.jpg
60acpro.jpg,/objects/60acpro.jpg,/objects/small/60acpro_sm.jpg,/objects/thumbs/60acpro_th.jpg
60athlet.jpg,/objects/60athlet.jpg,/objects/small/60athlet_sm.jpg,/objects/thumbs/60athlet_th.jpg
60casc.jpg,/objects/60casc.jpg,/objects/small/60casc_sm.jpg,/objects/thumbs/60casc_th.jpg
60land.jpg,/objects/60land.jpg,/objects/small/60land_sm.jpg,/objects/thumbs/60land_th.jpg
61acpro.jpg,/objects/61acpro.jpg,/objects/small/61acpro_sm.jpg,/objects/thumbs/61acpro_th.jpg
61athlet.jpg,/objects/61athlet.jpg,/objects/small/61athlet_sm.jpg,/objects/thumbs/61athlet_th.jpg
61land.jpg,/objects/61land.jpg,/objects/small/61land_sm.jpg,/objects/thumbs/61land_th.jpg
62acpro.jpg,/objects/62acpro.jpg,/objects/small/62acpro_sm.jpg,/objects/thumbs/62acpro_th.jpg
62athlet.jpg,/objects/62athlet.jpg,/objects/small/62athlet_sm.jpg,/objects/thumbs/62athlet_th.jpg
62land.jpg,/objects/62land.jpg,/objects/small/62land_sm.jpg,/objects/thumbs/62land_th.jpg
63land.jpg,/objects/63land.jpg,/objects/small/63land_sm.jpg,/objects/thumbs/63land_th.jpg
64athlet.jpg,/objects/64athlet.jpg,/objects/small/64athlet_sm.jpg,/objects/thumbs/64athlet_th.jpg
65land.jpg,/objects/65land.jpg,/objects/small/65land_sm.jpg,/objects/thumbs/65land_th.jpg
66athlet.jpg,/objects/66athlet.jpg,/objects/small/66athlet_sm.jpg,/objects/thumbs/66athlet_th.jpg
66land.jpg,/objects/66land.jpg,/objects/small/66land_sm.jpg,/objects/thumbs/66land_th.jpg
67athlet.jpg,/objects/67athlet.jpg,/objects/small/67athlet_sm.jpg,/objects/thumbs/67athlet_th.jpg
67land.jpg,/objects/67land.jpg,/objects/small/67land_sm.jpg,/objects/thumbs/67land_th.jpg
68land.jpg,/objects/68land.jpg,/objects/small/68land_sm.jpg,/objects/thumbs/68land_th.jpg
69land.jpg,/objects/69land.jpg,/objects/small/69land_sm.jpg,/objects/thumbs/69land_th.jpg
70land.jpg,/objects/70land.jpg,/objects/small/70land_sm.jpg,/objects/thumbs/70land_th.jpg
71land.jpg,/objects/71land.jpg,/objects/small/71land_sm.jpg,/objects/thumbs/71land_th.jpg
72land.jpg,/objects/72land.jpg,/objects/small/72land_sm.jpg,/objects/thumbs/72land_th.jpg
73land.jpg,/objects/73land.jpg,/objects/small/73land_sm.jpg,/objects/thumbs/73land_th.jpg
74land.jpg,/objects/74land.jpg,/objects/small/74land_sm.jpg,/objects/thumbs/74land_th.jpg
75land.jpg,/objects/75land.jpg,/objects/small/75land_sm.jpg,/objects/thumbs/75land_th.jpg
76land.jpg,/objects/76land.jpg,/objects/small/76land_sm.jpg,/objects/thumbs/76land_th.jpg
77land.jpg,/objects/77land.jpg,/objects/small/77land_sm.jpg,/objects/thumbs/77land_th.jpg
78land.jpg,/objects/78land.jpg,/objects/small/78land_sm.jpg,/objects/thumbs/78land_th.jpg
